name,file,algorithm,ip1,port1,ip2,port2,result
VPN Detection Opcode,pcap-dumps/synthesized-openvpn-server-dump.pcap,opcode,172.19.0.1,59960,172.19.0.2,1194,True
VPN Detection Opcode with XOR optimization,pcap-dumps/synthesized-openvpn-server-dump.pcap,opcode,172.19.0.1,59960,172.19.0.2,1194,True
VPN Detection ACK,pcap-dumps/synthesized-openvpn-server-dump.pcap,ack,172.19.0.1,59960,172.19.0.2,1194,False
VPN Detection ACK with MOD improvement,pcap-dumps/synthesized-openvpn-server-dump.pcap,ack,172.19.0.1,59960,172.19.0.2,1194,False
