name,file,algorithm,ip1,port1,ip2,port2,result
VPN Detection Opcode,../datasets/VNAT_VPN-NonVPN_Network_Application_Traffic_Dataset/VNAT_release_1/vpn_skype-chat_capture32.pcap,opcode,10.117.1.1,1195,10.117.1.2,1195,False
VPN Detection Opcode with XOR optimization,../datasets/VNAT_VPN-NonVPN_Network_Application_Traffic_Dataset/VNAT_release_1/vpn_skype-chat_capture32.pcap,opcode,10.117.1.1,1195,10.117.1.2,1195,False
VPN Detection ACK,../datasets/VNAT_VPN-NonVPN_Network_Application_Traffic_Dataset/VNAT_release_1/vpn_skype-chat_capture32.pcap,ack,10.117.1.1,1195,10.117.1.2,1195,False
VPN Detection ACK with MOD improvement,../datasets/VNAT_VPN-NonVPN_Network_Application_Traffic_Dataset/VNAT_release_1/vpn_skype-chat_capture32.pcap,ack,10.117.1.1,1195,10.117.1.2,1195,False
